


    INSERT INTO public.departments(
            deptno, dname)
    VALUES (10,'ACCOUNTING');

    INSERT INTO public.departments(
            deptno, dname)
    VALUES (20,'RESEARCH');

        INSERT INTO public.departments(
            deptno, dname)
    VALUES (30,'SALES');

        INSERT INTO public.departments(
            deptno, dname)
    VALUES (40,'OPERATIONS');

        INSERT INTO public.departments(
            deptno, dname)
    VALUES (50,'SERVICE');


INSERT INTO public.emploees(
            empno, ename, job, deptno)
    VALUES (1, 'KING', 'PRESIDENT', null);
    INSERT INTO public.emploees(
            empno, ename, job, deptno)
    VALUES (2, 'BLAKE', 'MANAGER', 10);
    INSERT INTO public.emploees(
            empno, ename, job, deptno)
    VALUES (3, 'CLARK', 'MANAGER', 10);
    INSERT INTO public.emploees(
            empno, ename, job, deptno)
    VALUES (4, 'JONES', 'MANAGER', 20);
    INSERT INTO public.emploees(
            empno, ename, job, deptno)
    VALUES (5, 'SCOTT', 'ANALYST', 20);
    INSERT INTO public.emploees(
            empno, ename, job, deptno)
    VALUES (6, 'FORD', 'ANALYST', 20);
    INSERT INTO public.emploees(
            empno, ename, job, deptno)
    VALUES (7, 'SMITH', 'CLERK', 30);
INSERT INTO public.emploees(
            empno, ename, job, deptno)
    VALUES (8, 'ALLEN', 'SALESMAN', 30);

 INSERT INTO public.emploees(
            empno, ename, job, deptno)
    VALUES (9, 'WARD', 'SALESMAN', 30);
    INSERT INTO public.emploees(
            empno, ename, job, deptno)
    VALUES (10, 'MARTIN', 'SALESMAN', 40);
    INSERT INTO public.emploees(
            empno, ename, job, deptno)
    VALUES (11,  'TURNER', 'SALESMAN', 40);
    INSERT INTO public.emploees(
            empno, ename, job, deptno)
    VALUES (12, 'ADAMS', 'CLERK', 40);
    INSERT INTO public.emploees(
            empno, ename, job, deptno)
    VALUES (13, 'JAMES', 'CLERK', 30);
    INSERT INTO public.emploees(
            empno, ename, job, deptno)
    VALUES (14, 'MILLER', 'CLERK', 20);   
       INSERT INTO public.emploees(
            empno, ename, job, deptno)
    VALUES (15, 'TOMPSON', 'ASSISTANT', 40);   
       INSERT INTO public.emploees(
            empno, ename, job, deptno)
    VALUES (16, 'SIMPSON', 'CLERK', 30);   
       INSERT INTO public.emploees(
            empno, ename, job, deptno)
    VALUES (17, 'ALLISON', 'CLERK', 40);   


    INSERT INTO public.teens(
            name, gender)
    VALUES ('Mike', 'M');

INSERT INTO public.teens(
            name, gender)
    VALUES ('Linda', 'F');

INSERT INTO public.teens(
            name, gender)
    VALUES ('Sarah', 'F');

INSERT INTO public.teens(
            name, gender)
    VALUES ('Tom', 'M');

    INSERT INTO public.teens(
            name, gender)
    VALUES ('Ellis', 'F');



    select * from emploees

    commit;